"","CD_REFNIS_SECTOR","TX_SECTOR_DESCR_NL","Type","n_food_establishments_grouped"
"1","11001A00-","AARTSELAAR-CENTRUM","Restaurant",2
"2","11002A01-","KLAPDORP - BROUWERSVLIET","Fast-Food",2
"3","11002A02-","GROENPLAATS (SPAANSE WALLEN)","Fast-Food",3
"4","11002A02-","GROENPLAATS (SPAANSE WALLEN)","Restaurant",3
"5","11002A03-","HOOGSTRAAT (SPAANSE WALLEN)","Fast-Food",2
"6","11002A03-","HOOGSTRAAT (SPAANSE WALLEN)","Restaurant",3
"7","11002A04-","OUDAAN (SPAANSE WALLEN)","Restaurant",1
"8","11002A05-","GEVANGENIS (SPAANSE WALLEN)","Fast-Food",1
"9","11002A05-","GEVANGENIS (SPAANSE WALLEN)","Restaurant",1
"10","11002A10-","MEIR - LEYSSTRAAT (SP. WALLEN)","Fast-Food",2
"11","11002A11-","KIPDORP-ST.-JACOBS (SP.WALLEN)","Fast-Food",3
"12","11002A12-","K.N.S.-NAT. BANK (SP. WALLEN)","Fast-Food",1
"13","11002A15-","HESSENHUIS (SPAANSE WALLEN)","Fast-Food",2
"14","11002A22-","ST.-MICHIELSKAAI (SP. WALLEN)","Fast-Food",1
"15","11002A22-","ST.-MICHIELSKAAI (SP. WALLEN)","Restaurant",1
"16","11002C20-","STATIEKWARTIER (STATIONSWIJK)","Fast-Food",6
"17","11002C20-","STATIEKWARTIER (STATIONSWIJK)","Restaurant",3
"18","11002C21-","ATHENEUM (STATIONSWIJK)","Restaurant",2
"19","11002C22-","DE CONINCPLEIN-Z.(STATIONSW.)","Fast-Food",1
"20","11002C24-","PROVINCIESTRAAT(STATIONSWIJK )","Fast-Food",3
"21","11002C25-","PELIKAANSTRAAT (STATIONSWIJK )","Restaurant",2
"22","11002C41-","DAMBRUGGESTRAAT-N.(STATIONSW.)","Fast-Food",2
"23","11002C41-","DAMBRUGGESTRAAT-N.(STATIONSW.)","Restaurant",2
"24","11002C42-","DE ZAVEL (NOORDWIJK )","Fast-Food",3
"25","11002D31-","ASTRID BAD (OOSTWIJK)","Restaurant",1
"26","11002D32-","ST.-VINCENTIUS (OOSTWIJK)","Fast-Food",2
"27","11002D32-","ST.-VINCENTIUS (OOSTWIJK)","Restaurant",1
"28","11002D34-","DAGERAADPLAATS - OOSTSTATIE (OOSTWIJK)","Restaurant",4
"29","11002E131","VLAAMSE KAAI (ZUIDWIJK)","Restaurant",1
"30","11002E14-","MUSEUMWIJK (ZUIDWIJK)","Fast-Food",2
"31","11002E14-","MUSEUMWIJK (ZUIDWIJK)","Restaurant",1
"32","11002E15-","GERECHTSHOF (ZUIDWIJK)","Restaurant",1
"33","11002H40-","ST.-AMANDUS (NOORDWIJK)","Fast-Food",2
"34","11002H40-","ST.-AMANDUS (NOORDWIJK)","Restaurant",1
"35","11002H41-","STUIVENBERG-WEST","Fast-Food",1
"36","11002H41-","STUIVENBERG-WEST","Restaurant",2
"37","11002J85-","'T EILANDJE","Restaurant",1
"38","11002P03-","DE GEESTEN","Restaurant",1
"39","11002Q001","OUD MERKSEM","Fast-Food",1
"40","11002R12-","CONFORTA","Fast-Food",2
"41","11002S00-","BORGERHOUT - GEMEENTEHUIS","Fast-Food",2
"42","11002S00-","BORGERHOUT - GEMEENTEHUIS","Restaurant",1
"43","11002S01-","FONTEINSTRAAT","Restaurant",1
"44","11002S03-","KROONSTRAAT-WEST","Fast-Food",2
"45","11002S05-","KATTENBERG","Fast-Food",3
"46","11002S30-","DE PEPERBUS","Fast-Food",1
"47","11002T00-","OP TEN BERGH","Fast-Food",2
"48","11002T00-","OP TEN BERGH","Restaurant",1
"49","11002T30-","ZURENBORG","Fast-Food",3
"50","11002T30-","ZURENBORG","Restaurant",1
"51","11002V12-","WEERSTANDLAAN","Restaurant",1
"52","11005A00-","BOOM-CENTRUM","Fast-Food",1
"53","11005A01-","ADVOKAATSTRAAT","Restaurant",1
"54","11008A30-","MARIA-TER-HEIDE","Fast-Food",1
"55","11009B00-","SINT-LENAARTS-CENTRUM","Fast-Food",1
"56","11013A00-","EDEGEM-CENTRUM","Fast-Food",1
"57","11013A00-","EDEGEM-CENTRUM","Restaurant",1
"58","11016A000","ESSEN-CENTRUM","Fast-Food",2
"59","11016A010","HEUVEL","Fast-Food",1
"60","11016A042","HONDSBERG","Fast-Food",1
"61","11016A112","WILDERT-WEST","Restaurant",1
"62","11016A401","STATION","Fast-Food",1
"63","11018A101","HEUVELSTRAAT","Restaurant",1
"64","11018A122","SINT-BERNARD","Fast-Food",1
"65","11022A001","KALMTHOUT-CENTRUM-OOST","Restaurant",1
"66","11022A10-","KALMTHOUT-DORP","Fast-Food",1
"67","11022A10-","KALMTHOUT-DORP","Restaurant",1
"68","11022A201","OUD-HEIDE","Restaurant",1
"69","11023A10-","PUTTE-CENTRUM","Restaurant",1
"70","11025A000","LINT-CENTRUM","Restaurant",1
"71","11029A00-","OUDE-GOD","Restaurant",1
"72","11030A00-","NIEL-CENTRUM","Fast-Food",2
"73","11035C00-","BROECHEM-CENTRUM","Restaurant",1
"74","11037C12-","TURKIJE","Fast-Food",1
"75","11038A000","SCHELLE-DORP","Cafe",1
"76","11039A010","LINDENHOEK","Restaurant",1
"77","11040A00-","SCHOTEN-CENTRUM","Restaurant",1
"78","11040A201","DEUZELD","Restaurant",1
"79","11044A001","STABROEK-CENTRUM-WEST","Fast-Food",1
"80","11044A032","STABROEK-CENTRUM-OOST","Restaurant",1
"81","11050A000","WIJNEGEM-CENTRUM-NOORD","Restaurant",1
"82","11050A274","DORENBOS","Fast-Food",1
"83","11053A101","GOOREIND-KERN","Restaurant",1
"84","11055A000","ZOERSEL-CENTRUM","Fast-Food",1
"85","11057A00-","WESTMALLE-CENTRUM","Fast-Food",1
"86","11057B00-","OOSTMALLE-CENTRUM","Restaurant",1
"87","12005A000","BONHEIDEN-CENTRUM","Fast-Food",1
"88","12007A001","BORNEM-CENTRUM","Restaurant",1
"89","12007A122","BRANDHEIDE","Fast-Food",1
"90","12009A200","DUFFEL-CENTRUM-OOST","Fast-Food",1
"91","12014A391","STEENPUTTEN","Restaurant",1
"92","12014E001","BOOISCHOT-CENTRUM","Fast-Food",1
"93","12021A00-","LIER-CENTRUM-WEST","Fast-Food",1
"94","12025A011","VLIETSE","Fast-Food",2
"95","12025A02-","WINKELCENTRUM-(BRUUL-IJZ.LEEN)","Fast-Food",1
"96","12025A02-","WINKELCENTRUM-(BRUUL-IJZ.LEEN)","Restaurant",4
"97","12025A10-","MECHELEN - STATIONSWIJK","Fast-Food",1
"98","12025A10-","MECHELEN - STATIONSWIJK","Restaurant",1
"99","12026A01-","DORSEL","Fast-Food",1
"100","12030A000","PUURS-CENTRUM","Restaurant",1
"101","13002A000","BAARLE-HERTOG -CENTRUM","Fast-Food",1
"102","13003A00-","BALEN-CENTRUM","Fast-Food",1
"103","13008A001","GEEL-CENTRUM","Fast-Food",2
"104","13008A001","GEEL-CENTRUM","Restaurant",2
"105","13008A003","GEEL-CENTRUM STATION","Fast-Food",3
"106","13008A20-","WINKELOMSEHEIDE-KERN","Restaurant",1
"107","13008A50-","ZAMMEL-KERN","Fast-Food",1
"108","13008A820","ELZEN","Fast-Food",1
"109","13008A900","SINT-DYMPHNA","Fast-Food",1
"110","13010A021","EISTERLEE","Fast-Food",1
"111","13011A040","HERENTALS - STATIONSWIJK","Fast-Food",1
"112","13011B011","WOUD","Fast-Food",1
"113","13013B00-","RAMSEL-KERN","Fast-Food",1
"114","13014A00-","VRIJHEID","Restaurant",2
"115","13014A01-","VAN AERTSELAAR","Restaurant",1
"116","13014B00-","MINDERHOUT-DORP","Fast-Food",1
"117","13016A000","HULSHOUT-KERN","Fast-Food",2
"118","13016B000","WESTMEERBEEK-KERN","Fast-Food",1
"119","13017A00-","KASTERLEE-CENTRUM","Restaurant",1
"120","13017A041","OSSENGOOR","Fast-Food",1
"121","13017B091","NETEVALLEI - DIESTSE WEG","Fast-Food",1
"122","13019A00-","LILLE-CENTRUM","Fast-Food",1
"123","13019A00-","LILLE-CENTRUM","Restaurant",1
"124","13019C000","GIERLE-CENTRUM","Fast-Food",1
"125","13021A00-","MEERHOUT-CENTRUM","Fast-Food",2
"126","13021A200","ZITTAART KERN","Fast-Food",1
"127","13025A00-","MOL-CENTRUM","Fast-Food",3
"128","13025A00-","MOL-CENTRUM","Restaurant",2
"129","13025A01-","TURNHOUTSEBAAN","Fast-Food",1
"130","13025A700","MILLEGEM","Fast-Food",1
"131","13029A000","OLEN-CENTRUM","Fast-Food",1
"132","13029A12-","BUUL","Fast-Food",1
"133","13029A20-","SINT-JOZEF-OLEN-KERN","Restaurant",1
"134","13031A000","OUD-TURNHOUT-CENTRUM","Restaurant",1
"135","13035B10-","SINT-JAN","Fast-Food",1
"136","13037A001","RIJKEVORSEL-DORP","Restaurant",1
"137","13040A000","TURNHOUT-CENTRUM","Fast-Food",1
"138","13040A000","TURNHOUT-CENTRUM","Restaurant",1
"139","13040A622","DE WARANDE","Restaurant",1
"140","13046A001","VOSSELAAR-CENTRUM","Fast-Food",1
"141","13046A042","BOLK","Fast-Food",1
"142","13049A011","BOERENKRIJGLAAN","Restaurant",1
"143","13053C000","EINDHOUT-DORP","Fast-Food",1
"144","13053D000","VORST-CENTRUM","Fast-Food",1
"145","21001A02-","WAYEZ","Fast-Food",1
"146","21001A10-","PORSELEIN","Restaurant",1
"147","21001A132","RAUTER-NORD","Fast-Food",1
"148","21001A142","VEEWEIDE-NORD","Fast-Food",1
"149","21001A712","SCHEUT - DE SMET","Cafe",1
"150","21001A712","SCHEUT - DE SMET","Restaurant",1
"151","21001A72-","OSSEGEM","Fast-Food",1
"152","21001A85-","AUBADE","Fast-Food",1
"153","21001B11-","DAUW-WEST","Fast-Food",1
"154","21001B17-","SLACHTHUIS","Fast-Food",1
"155","21001B20-","RAAD-NOORD","Fast-Food",1
"156","21001B21-","BROGNIEZ-NOORD","Restaurant",1
"157","21001C581","KERKHOF","Fast-Food",1
"158","21001C581","KERKHOF","Restaurant",1
"159","21002A00-","CENTRUM-NOORD","Fast-Food",1
"160","21002A02-","CENTRUM-ZUID","Restaurant",1
"161","21002A21-","LEBON","Fast-Food",1
"162","21002A43-","VORSTLAAN-NORD","Fast-Food",2
"163","21004A001","GROTE MARKT","Fast-Food",3
"164","21004A001","GROTE MARKT","Restaurant",7
"165","21004A002","BEURS","Fast-Food",1
"166","21004A002","BEURS","Restaurant",1
"167","21004A01-","OUD KORENHUIS","Fast-Food",1
"168","21004A03-","BIJSTAND - ZUID PALEIS","Fast-Food",2
"169","21004A03-","BIJSTAND - ZUID PALEIS","Restaurant",1
"170","21004A04-","KAPELLEKERK","Restaurant",3
"171","21004A10-","CENTRAAL STATION","Fast-Food",2
"172","21004A10-","CENTRAAL STATION","Restaurant",1
"173","21004A14-","GROTE ZAVEL","Fast-Food",1
"174","21004A14-","GROTE ZAVEL","Restaurant",2
"175","21004A15-","JACOBSPLEIN","Fast-Food",1
"176","21004A16-","JUSTITIEPALEIS - SINT-PIETERS HOSPITAAL","Fast-Food",1
"177","21004A20-","BEURS-NOORDWEST","Fast-Food",5
"178","21004A20-","BEURS-NOORDWEST","Restaurant",4
"179","21004A21-","ANNEESSENSPLEIN","Restaurant",1
"180","21004A22-","ZENNESTRAAT","Fast-Food",1
"181","21004A23-","NIEUWE GRAANMARKT","Fast-Food",1
"182","21004A23-","NIEUWE GRAANMARKT","Restaurant",1
"183","21004A24-","VARKENSMARKT","Fast-Food",1
"184","21004A24-","VARKENSMARKT","Restaurant",3
"185","21004A25-","BEGIJNHOFPLEIN","Fast-Food",1
"186","21004A32-","CONGRES - STATION","Fast-Food",1
"187","21004A33-","VRIJHEIDSPLEIN","Restaurant",2
"188","21004A34-","MUNT","Fast-Food",3
"189","21004A34-","MUNT","Restaurant",1
"190","21004A35-","AD. MAXLAAN","Cafe",1
"191","21004A35-","AD. MAXLAAN","Fast-Food",4
"192","21004A70-","BLAESSTRAAT-ZUID","Fast-Food",2
"193","21004A811","HANDELSKAAI","Restaurant",1
"194","21004A83-","E. JACQMAINLAAN-WEST","Restaurant",1
"195","21004B10-","ORBANSQUARE","Fast-Food",1
"196","21004B411","TWEEKERKENSTRAAT","Restaurant",1
"197","21004B421","MARIE-LOUISESQUARE","Restaurant",2
"198","21004B43-","AMBIORIXSQUARE-NOORD","Fast-Food",1
"199","21004B44-","AMBIORIXSQUARE-ZUID","Restaurant",1
"200","21004C52-","LOUIZALAAN-NOORDWEST","Fast-Food",1
"201","21004C52-","LOUIZALAAN-NOORDWEST","Restaurant",1
"202","21004C642","FRANKLIN ROOSEVELTLAAN","Restaurant",1
"203","21004D610","ANTWERPSE STEENWEG-ZUID","Fast-Food",1
"204","21004D62-","ANTWERPSE STEENWEG-NOORD","Fast-Food",1
"205","21004D62-","ANTWERPSE STEENWEG-NOORD","Restaurant",1
"206","21004D6MJ","FABRIEKSKAAI-MONNOYER","Fast-Food",2
"207","21004D6MJ","FABRIEKSKAAI-MONNOYER","Restaurant",1
"208","21004E130","HEILIG-HART","Fast-Food",4
"209","21004E130","HEILIG-HART","Restaurant",1
"210","21004E70-","MARIA-CHRISTINASTRAAT","Restaurant",1
"211","21004E74-","EM. DELVASTRAAT","Restaurant",1
"212","21004F922","KASTEEL BEYAERD","Restaurant",1
"213","21004G3NJ","HAREN-ZUID","Fast-Food",1
"214","21005A031","MAALBEEK","Fast-Food",2
"215","21005A031","MAALBEEK","Restaurant",2
"216","21005A051","RINSDELLE","Fast-Food",1
"217","21005A11-","O.L. VROUW VAN HET HEILIG HART","Fast-Food",1
"218","21005A14-","LEGERLAAN","Restaurant",1
"219","21005A20-","TERVURENSEPOORT - TONGERENSTR.","Fast-Food",1
"220","21005A20-","TERVURENSEPOORT - TONGERENSTR.","Restaurant",3
"221","21006A052","RUSTPLAATS","Fast-Food",1
"222","21006A403","CICEROWIJK","Fast-Food",2
"223","21006A403","CICEROWIJK","Restaurant",1
"224","21007A61-","MONTENEGROSTRAAT","Fast-Food",2
"225","21007A71-","ALSEMBERGSE STEENWEG","Fast-Food",1
"226","21009A00-","CENTRUM","Fast-Food",1
"227","21009A02-","MUSEUM","Restaurant",1
"228","21009A041","GEWIJDE BOOM","Fast-Food",1
"229","21009A051","SINT-BONIFAAS","Restaurant",1
"230","21009A101","FLAGEYPLEIN","Fast-Food",2
"231","21009A111","WERYSTRAAT","Fast-Food",1
"232","21009A111","WERYSTRAAT","Restaurant",1
"233","21009A20-","KLEIN ZWITSERLANDPLEIN","Restaurant",2
"234","21009A21-","ZOMER","Fast-Food",4
"235","21009A22-","HOGESCHOOL","Fast-Food",1
"236","21009A301","BOONDAEL-NOORD","Restaurant",1
"237","21009A40-","LARIKSEN","Fast-Food",1
"238","21009A41-","SINT-JORIS","Restaurant",1
"239","21009A42-","RENIER CHALON","Fast-Food",1
"240","21009A501","LUXEMBURG PLEIN","Fast-Food",1
"241","21009A501","LUXEMBURG PLEIN","Restaurant",1
"242","21009A53-","LONDENPLEIN","Fast-Food",1
"243","21009A542","ANGLICAANSE KERK","Fast-Food",1
"244","21009A552","NAAMSEPOORT","Fast-Food",1
"245","21009A552","NAAMSEPOORT","Restaurant",1
"246","21009A602","BELVEDERE","Fast-Food",1
"247","21009A712","KASTELEINPLEIN-WEST","Restaurant",1
"248","21009A90-","SINT-FILIPPUS","Fast-Food",1
"249","21009A90-","SINT-FILIPPUS","Restaurant",1
"250","21010A00-","CENTRUM","Restaurant",1
"251","21010A03-","SPIEGEL","Restaurant",1
"252","21011A10-","VREDELAAN","Fast-Food",1
"253","21011A30-","BOOGSCHUTTERS - FOUREZ","Fast-Food",1
"254","21012A00-","CENTRUM","Fast-Food",1
"255","21012A10-","HERTOGIN VAN BRABANT","Restaurant",1
"256","21012A20-","BAECK","Cafe",1
"257","21012A54-","DELHAIZE","Restaurant",1
"258","21012A611","MEXICO","Fast-Food",1
"259","21012A62-","BEVRIJDERS","Fast-Food",1
"260","21012A63-","DUBRUCQ-NOORD","Restaurant",1
"261","21012A72-","LAVALLEE","Restaurant",2
"262","21013A01-","SPANJESTRAAT","Fast-Food",1
"263","21013A01-","SPANJESTRAAT","Restaurant",1
"264","21013A02-","CAPOUILLETSTRAAT","Fast-Food",1
"265","21013A02-","CAPOUILLETSTRAAT","Restaurant",2
"266","21013A101","VOORPLEIN","Fast-Food",1
"267","21013A101","VOORPLEIN","Restaurant",1
"268","21013A102","VOORPLEIN","Restaurant",1
"269","21013A40-","BARREEL","Restaurant",1
"270","21013A522","SCHOTLANDSTRAAT","Restaurant",1
"271","21013A623","FRANKRIJKSTRAAT","Fast-Food",1
"272","21014A00-","SINT-JOOST PLAATS","Fast-Food",2
"273","21014A02-","LIEFDADIGHEID","Fast-Food",2
"274","21014A04-","HAACHTSE STEENWEG","Fast-Food",2
"275","21014A04-","HAACHTSE STEENWEG","Restaurant",3
"276","21014A05-","HOUWAERT","Restaurant",2
"277","21014A10-","SINT-FRANCISCUS","Fast-Food",1
"278","21014A3MJ","MANHATTAN","Restaurant",1
"279","21015A00-","COLIGNONPLEIN","Fast-Food",2
"280","21015A00-","COLIGNONPLEIN","Restaurant",1
"281","21015A03-","JOSAPHATSTRAAT","Fast-Food",1
"282","21015A05-","KONINKLIJKE SINT-MARIASTRAAT","Fast-Food",5
"283","21015A05-","KONINKLIJKE SINT-MARIASTRAAT","Restaurant",1
"284","21015A152","PR. ELISABETH-NOORD","Restaurant",2
"285","21015A31-","VADERLAND","Fast-Food",1
"286","21015A33-","WELDOENERSPLEIN","Fast-Food",1
"287","21015A36-","CAMBIER E. STRAAT","Restaurant",1
"288","21015A40-","BRABANTSTRAAT","Fast-Food",7
"289","21015A40-","BRABANTSTRAAT","Restaurant",1
"290","21015A41-","VANDERLINDENSTRAAT","Fast-Food",1
"291","21015A43-","NOORDSTATION","Fast-Food",1
"292","21015A43-","NOORDSTATION","Restaurant",1
"293","21015A44-","KONINGINNELAAN","Fast-Food",1
"294","21015A52-","LINTHOUTSTRAAT","Fast-Food",1
"295","21015A53-","DAILLYPLEIN","Fast-Food",1
"296","21015A54-","SMARAGDLAAN","Fast-Food",1
"297","21015A54-","SMARAGDLAAN","Restaurant",1
"298","21015A612","BRICHAUTSTRAAT","Fast-Food",2
"299","21015A612","BRICHAUTSTRAAT","Restaurant",1
"300","21015A64-","DUPLOYE SQUARE","Fast-Food",2
"301","21015A70-","P. HYMANSSTRAAT","Restaurant",1
"302","21016A02-","ALSEMBERG-NOORD","Fast-Food",2
"303","21016A02-","ALSEMBERG-NOORD","Restaurant",1
"304","21016A322","STEENWEG OP WATERLOO-OOST","Restaurant",1
"305","21016A400","SINT-JOB","Restaurant",1
"306","21016A772","ZWARTEBEEK","Fast-Food",1
"307","21018A04-","BEETEPUT","Fast-Food",1
"308","21018A04-","BEETEPUT","Restaurant",1
"309","21018A20-","GEORGES HENRILAAN","Fast-Food",1
"310","21018A84-","KAPELLEVELD-NOORDOOST","Fast-Food",1
"311","21018A87-","SINT-LUCAS","Fast-Food",2
"312","21018A87-","SINT-LUCAS","Restaurant",1
"313","21019A21-","MANOIR","Fast-Food",1
"314","21019A40-","SINT-ALEIDIS","Cafe",1
"315","21019A42-","SALOMELAAN","Restaurant",1
"316","23002A00-","ASSE - CENTRUM","Fast-Food",1
"317","23002A400","KROKEGEM - KERN","Restaurant",1
"318","23003C00-","DWORP-CENTRUM","Restaurant",1
"319","23027A00-","HALLE-CENTRUM","Fast-Food",2
"320","23027A00-","HALLE-CENTRUM","Restaurant",2
"321","23027A011","BASCUUL","Fast-Food",1
"322","23027A100","SINT-ROCHUS-KERN","Fast-Food",1
"323","23045A000","LONDERZEEL-CENTRUM","Fast-Food",1
"324","23047A00-","MACHELEN-CENTRUM","Fast-Food",1
"325","23050B00-","WOLVERTEM - CENTRUM","Fast-Food",1
"326","23052A00-","MERCHTEM-CENTRUM","Fast-Food",2
"327","23052A0MA","INDUSTRIE","Fast-Food",1
"328","23060A00-","OPWIJK-CENTRUM","Fast-Food",1
"329","23062A00-","OVERIJSE-KERN","Fast-Food",1
"330","23077A20-","NEGENMANNEKE -STW.OP BERGEN-W.","Fast-Food",1
"331","23077A21-","NEGENMANNEKE -STW.OP BERGEN-O.","Fast-Food",1
"332","23077E00-","RUISBROEK-CENTRUM","Fast-Food",1
"333","23086A100","TERNAT STATION - ASSESTEENWEG","Fast-Food",1
"334","23088A01-","VILVOORDE LEUVENSESTR.(CENTR.)","Fast-Food",1
"335","23088A03-","BROEK (CENTRUM)","Fast-Food",1
"336","23088A301","OUD KONINGSLO","Fast-Food",1
"337","23094A00-","ZAVENTEM-CENTRUM","Fast-Food",1
"338","23094A010","HOOGSTRAAT","Fast-Food",1
"339","23094A03-","DAAL","Restaurant",1
"340","23094A05-","VILVOORDELAAN","Restaurant",1
"341","23094C001","STERREBEEK-CENTRUM","Fast-Food",1
"342","23094C001","STERREBEEK-CENTRUM","Restaurant",1
"343","23096B00-","HOFSTADE-KERN","Fast-Food",1
"344","23096E000","EPPEGEM - DORP","Fast-Food",1
"345","23098A0MS","KANAAL-MOZART","Restaurant",1
"346","23102A00-","WEMMEL-CENTRUM","Restaurant",1
"347","23102A11-","DE LIMBURGSE STRIRUM","Restaurant",1
"348","24001A011","BONEWIJK","Fast-Food",1
"349","24001A122","LITER","Fast-Food",1
"350","24001B19-","WOLFSDONK-VERSPREIDE BEWONING","Fast-Food",1
"351","24001C001","RILLAAR-CENTRUM","Fast-Food",1
"352","24007A00-","BEGIJNENDIJK-CENTRUM","Restaurant",1
"353","24007B00-","BETEKOM-KERN","Fast-Food",1
"354","24016A00-","BOUTERSEM-CENTRUM","Fast-Food",1
"355","24020A003","HASSELTSESTRAAT","Fast-Food",2
"356","24020A004","SCHAFFENSE POORT","Fast-Food",2
"357","24020A02-","LEUVENSE EN HASSELTSE POORT","Fast-Food",1
"358","24033A000","HAACHT-KERN","Fast-Food",1
"359","24038B012","IJZERENBERG","Restaurant",1
"360","24041A000","HOEGAARDEN-CENTRUM","Fast-Food",1
"361","24059A01-","LANDEN STATION","Fast-Food",1
"362","24062A00-","LEUVEN-CENTRUM","Fast-Food",5
"363","24062A00-","LEUVEN-CENTRUM","Restaurant",3
"364","24062A02-","LEUVEN STADSPARK","Restaurant",2
"365","24062A03-","DAMIAANPLEIN","Restaurant",1
"366","24062A10-","LEUVEN DIESTSE STRAAT","Restaurant",1
"367","24062A13-","VAN MONSSTRAAT","Restaurant",1
"368","24062A20-","BONDGENOTENLAAN","Restaurant",1
"369","24062A21-","LEPELSTRAAT","Fast-Food",1
"370","24062A30-","TIENSESTRAAT","Fast-Food",1
"371","24062A30-","TIENSESTRAAT","Restaurant",2
"372","24062A44-","REDINGEN","Fast-Food",1
"373","24062A51-","BRUUL","Fast-Food",2
"374","24062A51-","BRUUL","Restaurant",1
"375","24062B100","PUTKAPEL-CENTRUM","Fast-Food",1
"376","24062C00-","BLAUWPUT-CENTRUM","Fast-Food",2
"377","24062C41-","BELLE VUE","Fast-Food",1
"378","24062C50-","BENEDEN KESSEL","Fast-Food",1
"379","24062D03-","HEVERLEE STATION","Restaurant",1
"380","24062D10-","SINT-ANTONIUS","Fast-Food",1
"381","24094A00-","ROTSELAAR-CENTRUM","Fast-Food",1
"382","24104A001","TERVUREN-CENTRUM","Restaurant",2
"383","24107A00-","TIENEN-CENTRUM","Restaurant",1
"384","24107A04-","KLINIEK","Fast-Food",1
"385","24107A50-","VIANDERDAL","Fast-Food",1
"386","24107D00-","KUMTICH-CENTRUM","Fast-Food",1
"387","24109A00-","TREMELO-KERN","Fast-Food",1
"388","24134A011","STATIONSSTRAAT","Fast-Food",1
"389","24134D01-","STEENWEG AVERBODE - LANGDORP","Restaurant",1
"390","24134E00-","AVERBODE-KERN","Fast-Food",1
"391","24135C012","WINGE-VELD","Fast-Food",2
"392","25014A00-","BRAINE-L'ALLEUD-CENTRE","Fast-Food",1
"393","25014A01-","STATION","Fast-Food",1
"394","25014A01-","STATION","Restaurant",1
"395","25014A05-","CASTEGIER","Fast-Food",1
"396","25014A13-","HAUTE BORNE","Fast-Food",1
"397","25014A410","MONT SAINT-PONT","Fast-Food",1
"398","25015A00-","BRAINE-LE-CHATEAU-CENTRE","Restaurant",1
"399","25023A022","AVENUE DES COMBATTANTS","Restaurant",1
"400","25048A00-","LE MARCHE","Restaurant",1
"401","25072A001","NIVELLES-CENTRE-NORD","Fast-Food",1
"402","25072A001","NIVELLES-CENTRE-NORD","Restaurant",2
"403","25072A02-","ECOLE NORMALE","Fast-Food",1
"404","25105A000","TUBIZE-CENTRE","Restaurant",2
"405","25110A00-","WATERLOO-CENTRE","Fast-Food",1
"406","25110A00-","WATERLOO-CENTRE","Restaurant",1
"407","25112A001","WAVRE-CENTRE VILLE","Fast-Food",1
"408","25112A001","WAVRE-CENTRE VILLE","Restaurant",1
"409","25112A011","SABLON","Fast-Food",2
"410","25112A191","LONG CHAMP","Restaurant",1
"411","25121A402","LOUVAIN-LA-NEUVE-CENTRE","Fast-Food",3
"412","25121A402","LOUVAIN-LA-NEUVE-CENTRE","Restaurant",2
"413","25121A503","BICREAU-CENTRE","Fast-Food",1
"414","25124A001","WALHAIN-SAINT-PAUL-CENTRE","Restaurant",1
"415","31004A00-","BLANKENBERGE-CENTRUM","Fast-Food",2
"416","31004A00-","BLANKENBERGE-CENTRUM","Restaurant",1
"417","31004A04-","MARKTWIJK","Fast-Food",1
"418","31005A001","BRUGGE-CENTRUM - BELFORT","Restaurant",2
"419","31005A501","GENTWEG","Restaurant",1
"420","31005A60-","SMEDENPOORT","Fast-Food",2
"421","31005A701","SINT-GILLIS","Fast-Food",1
"422","31005B70-","ZEEBRUGGE - DE MOLE","Fast-Food",2
"423","31005E042","SINT-KRUIS - KRUISPORT","Fast-Food",1
"424","31005E042","SINT-KRUIS - KRUISPORT","Restaurant",1
"425","31005H001","SINT-ANDRIES - CENTRUM","Fast-Food",1
"426","31005H201","LEOPOLDWIJK","Fast-Food",1
"427","31006F00-","SIJSELE-CENTRUM","Fast-Food",1
"428","31022A000","OOSTKAMP-CENTRUM","Restaurant",1
"429","31033A001","TORHOUT-KERN","Fast-Food",1
"430","31033A052","TORHOUT-CENTRUM-NOORD","Fast-Food",1
"431","31043A00-","KNOKKE-DORP","Fast-Food",1
"432","31043A10-","KNOKKE - CENTRUM","Fast-Food",1
"433","32010A001","KOEKELARE-CENTRUM-KERN","Fast-Food",1
"434","33011A001","IEPER-CENTRUM","Restaurant",1
"435","33029A01-","STATION","Fast-Food",1
"436","34022A00-","KORTRIJK-CENTRUM","Fast-Food",1
"437","34022A00-","KORTRIJK-CENTRUM","Restaurant",1
"438","34022A50-","OVERLEIE","Fast-Food",1
"439","34022A54-","WARANDE","Fast-Food",1
"440","34022B001","HEULE-KERN","Fast-Food",1
"441","34027A052","STADSPARK","Fast-Food",1
"442","34040A001","WAREGEM - CENTRUM","Fast-Food",2
"443","34040A001","WAREGEM - CENTRUM","Restaurant",1
"444","34041A001","WEVELGEM-CENTRUM","Fast-Food",2
"445","34041B000","GULLEGEM - DORPSPLEIN","Fast-Food",1
"446","34043A01-","IJZEREN BAREEL","Restaurant",1
"447","35002A101","SAS-SLIJKENS - OOST","Fast-Food",1
"448","35013A01-","POST - MERCATORDOK","Fast-Food",1
"449","35013A02-","A. BUYLSTRAAT","Restaurant",1
"450","36007A191","INGELMUNSTER-VERSP.BEW.-ZUIDO.","Fast-Food",1
"451","36008A001","IZEGEM-CENTRUM-OOST","Fast-Food",1
"452","36011A033","LICHTERVELDE-CENTRUM - STATION","Fast-Food",1
"453","36012A001","MOORSLEDE-CENTRUM","Fast-Food",1
"454","36012A022","IEPERSESTRAAT","Fast-Food",1
"455","36015A001","ROESELARE-CENTRUM","Fast-Food",4
"456","36015A001","ROESELARE-CENTRUM","Restaurant",2
"457","36015A01-","HEILIG HART","Fast-Food",1
"458","36015A822","FORT","Restaurant",1
"459","36019B00-","OOSTNIEUWKERKE-CENTRUM","Fast-Food",1
"460","37012A001","RUISELEDE-CENTRUM","Fast-Food",1
"461","37015A00-","TIELT-CENTRUM","Fast-Food",1
"462","37018A00-","WINGENE-CENTRUM","Fast-Food",1
"463","38014B10-","OOSTDUINKERKE - BAD","Fast-Food",1
"464","41002A012","AALST - STATION","Fast-Food",1
"465","41002A031","ZEEBERG","Fast-Food",1
"466","41002A71-","DUIVEKEET","Fast-Food",1
"467","41002A721","PUITEPUT","Fast-Food",1
"468","41018A00-","GERAARDSBERGEN-CENTRUM","Fast-Food",1
"469","41018A02-","STATIONSWIJK","Fast-Food",1
"470","41024A00-","HAALTERT-DORP","Restaurant",1
"471","41048A001","NINOVE-CENTRUM","Fast-Food",1
"472","41048A022","ABDIJ","Fast-Food",1
"473","41048A04-","POLDERKWARTIER","Fast-Food",1
"474","41081A00-","ZOTTEGEM-CENTRUM","Restaurant",1
"475","42006C042","SINT-GILLISLAAN-OOST","Fast-Food",1
"476","42008A001","HAMME-CENTRUM","Fast-Food",1
"477","42010A01-","STEENTJEN","Fast-Food",1
"478","42011A001","LEBBEKE-CENTRUM","Fast-Food",2
"479","42011A001","LEBBEKE-CENTRUM","Restaurant",1
"480","42025A011","WETTEREN-CENTRUM SCHELDEKAAI","Fast-Food",1
"481","42025A022","WETTEREN-CENTRUM - MOLENSTRAAT","Fast-Food",1
"482","42025A201","OVERSCHELDE-CENTRUM","Fast-Food",1
"483","42025A812","STATIEKOUTER","Fast-Food",2
"484","42026A010","OUD DORP","Fast-Food",1
"485","42026C001","SCHELLEBELLE-CENTRUM","Fast-Food",1
"486","42028A001","ZELE-CENTRUM","Fast-Food",1
"487","42028A021","KOUTER-ZUID","Fast-Food",1
"488","43002A001","ASSENEDE-CENTRUM","Restaurant",1
"489","43005A00-","EEKLO-CENTRUM","Fast-Food",1
"490","43014C10-","BENTILLE","Fast-Food",1
"491","44001A001","AALTER-CENTRUM","Fast-Food",1
"492","44011A000","MARKT - TOLPOORTSTRAAT - KNOK","Fast-Food",5
"493","44011A000","MARKT - TOLPOORTSTRAAT - KNOK","Restaurant",1
"494","44011K100","BACHTE - KERN","Restaurant",1
"495","44012A00-","DE PINTE-DORP","Fast-Food",1
"496","44019C001","ERTVELDE-CENTRUM","Fast-Food",1
"497","44020A00-","GAVERE-KERN","Fast-Food",1
"498","44021A00-","KUIP","Fast-Food",1
"499","44021A00-","KUIP","Restaurant",2
"500","44021A01-","SINT-JACOBS","Fast-Food",2
"501","44021A01-","SINT-JACOBS","Restaurant",2
"502","44021A02-","KOUTER","Restaurant",1
"503","44021A03-","PATERSHOL","Restaurant",6
"504","44021A20-","GENT-CENTRUM-ZUID","Fast-Food",1
"505","44021A221","BRUSSELSE POORT","Restaurant",1
"506","44021A31-","NEDERKOUTER","Fast-Food",1
"507","44021A31-","NEDERKOUTER","Restaurant",2
"508","44021A321","SINT-PIETERS","Fast-Food",2
"509","44021A33-","HEUVELPOORT","Fast-Food",3
"510","44021A35-","STATION","Fast-Food",3
"511","44021A542","GROENDREEF","Fast-Food",1
"512","44021A63-","TOLHUIS","Fast-Food",4
"513","44021A63-","TOLHUIS","Restaurant",6
"514","44021A711","EKKERGEM","Fast-Food",1
"515","44021A801","WONDELGEMSTRAAT","Fast-Food",2
"516","44021A801","WONDELGEMSTRAAT","Restaurant",1
"517","44021B321","KAUWPLEIN","Fast-Food",1
"518","44021B433","STEENAKKER","Fast-Food",1
"519","44021C72-","MUIDEBRUG","Fast-Food",2
"520","44021D10-","LOURDES","Fast-Food",1
"521","44021E00-","SINT-AMANDSBERG CENTRUM","Fast-Food",1
"522","44021E021","GROOT BEGIJNHOF","Fast-Food",3
"523","44021E021","GROOT BEGIJNHOF","Restaurant",2
"524","44021E32-","DAMPOORT","Fast-Food",1
"525","44021E32-","DAMPOORT","Restaurant",4
"526","44021G00-","LEDEBERG-CENTRUM","Fast-Food",4
"527","44021G00-","LEDEBERG-CENTRUM","Restaurant",2
"528","44021G01-","FLORA","Restaurant",1
"529","44021G200","MERELBEKE STATION","Restaurant",1
"530","44021H001","ZWIJNAARDE-CENTRUM","Restaurant",1
"531","44021K001","DRONGEN DORP","Fast-Food",1
"532","44021M00-","WONDELGEM CENTRUM","Restaurant",1
"533","44021M01-","WESTERGEM","Fast-Food",1
"534","44021M102","VAN BEVEREPLEIN","Restaurant",1
"535","44034A000","LOCHRISTI CENTRUM","Fast-Food",2
"536","44045A001","MOERBEKE CENTRUM","Fast-Food",1
"537","44048B000","EKE-CENTRUM","Fast-Food",1
"538","44064A02-","KORTRIJKSESTEENWEG","Restaurant",1
"539","45035A001","OUDENAARDE-CENTRUM","Fast-Food",3
"540","45035A701","EINE-KERN","Restaurant",1
"541","45041A51-","KAPELLESTRAAT","Restaurant",1
"542","45063B00-","HEMELVEERDEGEM-CENTRUM","Cafe",1
"543","46003A011","VINCKENDAM","Fast-Food",1
"544","46003A032","BOSDAM","Fast-Food",1
"545","46003A043","DONKVIJVER - ARENBERG","Fast-Food",1
"546","46013C012","GEERAARD DE CREMERSTRAAT","Fast-Food",1
"547","46020A001","SINT-GILLIS-WAAS-DORP","Fast-Food",1
"548","46021A001","SINT-NIKLAAS - MARKT","Restaurant",1
"549","46021A021","WESTERBUURT","Fast-Food",2
"550","46025A012","EEKHOUTDRIES - VOLKSPLAATS","Fast-Food",1
"551","51004A00-","ATH-CENTRE","Fast-Food",2
"552","52011A00-","CHARLEROI - VILLE HAUTE","Fast-Food",3
"553","52011E01-","CENTENAIRE","Fast-Food",1
"554","52011E50-","NEUVILLE","Fast-Food",1
"555","52011G021","LES GLACIERES","Fast-Food",1
"556","52011G0CY","CHERBOIS","Restaurant",1
"557","52011H001","MONT-SUR-MARCHIENNE","Fast-Food",1
"558","52015C01-","TRAZEGNIES-CENTRE","Fast-Food",1
"559","52021B10-","LE CASTOR","Fast-Food",1
"560","53020A01-","PONT-A-CAVANIS","Fast-Food",1
"561","53053A00-","MONS-CENTRE","Restaurant",3
"562","53053A04-","MONS STATION","Fast-Food",3
"563","53053A04-","MONS STATION","Restaurant",1
"564","53053A051","WAROCQUE","Restaurant",1
"565","53053A392","LES BASSINS","Fast-Food",2
"566","53053A912","PRISON","Restaurant",1
"567","53053D19-","BOIS DE GHLIN","Restaurant",1
"568","53053E001","NIMY-CENTRE","Fast-Food",1
"569","53070A022","SAINT-LO","Fast-Food",1
"570","53070A17-","CRIQUELIONS","Fast-Food",1
"571","54007A001","MOUSCRON-CENTRE","Fast-Food",2
"572","54007A501","COQ-ANGLAIS","Restaurant",1
"573","55010A00-","ENGHIEN-CENTRE","Restaurant",1
"574","55010A01-","PARC","Restaurant",1
"575","55022A00-","LA LOUVIERE-CENTRE","Fast-Food",2
"576","55022A00-","LA LOUVIERE-CENTRE","Restaurant",1
"577","55022A02-","LA LOUVIERE - PARC","Restaurant",1
"578","55022A41-","FLACHE","Fast-Food",2
"579","55022A73-","MANSART - PARC GILSON","Fast-Food",2
"580","56011A01-","PALAIS DE JUSTICE","Fast-Food",1
"581","56011A01-","PALAIS DE JUSTICE","Restaurant",1
"582","56011A02-","POSTE","Fast-Food",1
"583","56011A02-","POSTE","Restaurant",1
"584","56011B00-","RESSAIX-CENTRE","Fast-Food",1
"585","56087A001","MORLANWELZ-MARIEMONT - CENTRE COMMERCIAL","Fast-Food",1
"586","56087A02-","MORLANWELZ - STATION","Fast-Food",1
"587","56087B00-","CARNIERES-CENTRE","Fast-Food",1
"588","57081A00-","TOURNAI-CENTRE","Fast-Food",1
"589","57081A00-","TOURNAI-CENTRE","Restaurant",2
"590","57081A011","SEMINAIRE - SAINT-PIAT","Restaurant",1
"591","57081A052","SAINT-JACQUES","Restaurant",2
"592","57081P00-","ORCQ-CENTRE","Restaurant",1
"593","61003A00-","AMAY-CENTRE","Fast-Food",2
"594","61003A03-","WEHAIRON","Restaurant",1
"595","61031A00-","HUY-CENTRE","Fast-Food",2
"596","61043A39-","CHAUSSEE","Fast-Food",1
"597","61072A00-","WANZE-CENTRE","Fast-Food",1
"598","62009A001","AYWAILLE-CENTRE","Fast-Food",1
"599","62009A001","AYWAILLE-CENTRE","Restaurant",1
"600","62022D01-","BECHURON - RANSY","Restaurant",1
"601","62032A01-","ESNEUX - RIVE DROITE","Fast-Food",1
"602","62032B00-","TILFF-CENTRE","Fast-Food",1
"603","62032B00-","TILFF-CENTRE","Restaurant",1
"604","62038A02-","CROUPET","Restaurant",1
"605","62063A00-","SAINT-LAMBERT","Fast-Food",2
"606","62063A00-","SAINT-LAMBERT","Restaurant",4
"607","62063A01-","FERONSTREE","Fast-Food",1
"608","62063A01-","FERONSTREE","Restaurant",1
"609","62063A03-","SAINT-JEAN","Fast-Food",2
"610","62063A30-","SAINTE-MARIE","Restaurant",1
"611","62063A32-","PARADIS","Fast-Food",1
"612","62063A32-","PARADIS","Restaurant",1
"613","62063A331","FRAGNEE","Fast-Food",1
"614","62063A540","DELIN-HESBAYE","Fast-Food",1
"615","62063A70-","MAGHIN","Fast-Food",1
"616","62063A70-","MAGHIN","Restaurant",1
"617","62063B10-","YSER","Fast-Food",1
"618","62063B10-","YSER","Restaurant",6
"619","62063B11-","DOS-FANCHON","Restaurant",1
"620","62063B12-","CONGRES","Restaurant",1
"621","62063D001","DERRIERE-LA-VILLE","Fast-Food",1
"622","62063D301","PILZEN","Restaurant",1
"623","62063E00-","BRESSOUX-CENTRE","Restaurant",1
"624","62063G001","CHENEE-CENTRE","Fast-Food",1
"625","62063K20-","CLINIQUE","Restaurant",1
"626","62063L1AN","CLOSERAIE","Fast-Food",1
"627","62079B00-","HACCOURT-CENTRE OUEST","Fast-Food",1
"628","62079D009","VIVEGNIS-CENTRE","Fast-Food",1
"629","62096A000","FOND DE SERAING","Fast-Food",1
"630","62096A000","FOND DE SERAING","Restaurant",1
"631","62096A100","LIZE EST","Restaurant",1
"632","62096A533","BEAU-SEJOUR-PLAINEVAUX","Fast-Food",1
"633","62096A552","LIBERTE-PLAINE DES SPORTS","Restaurant",1
"634","62096D03-","LES GONHIS","Restaurant",1
"635","62096D032","CARREFOUR NIC JANSSENS","Restaurant",2
"636","62099D319","LABOUXHE","Restaurant",1
"637","62108A001","VISE-CENTRE","Fast-Food",2
"638","62118A001","GRACE-BERLEUR-CENTRE","Fast-Food",2
"639","62120A811","FLEMALLE-GRANDE-CENTRE SUD","Fast-Food",1
"640","62121A101","ROGNAC","Fast-Food",1
"641","63003A000","AUBEL CENTRE","Fast-Food",1
"642","63012A000","BULLINGEN-ZENTRUM","Fast-Food",1
"643","63023A001","EUPEN-ZENTRUM","Fast-Food",2
"644","63023A110","NEUSTRASSE - BERGSTRASSE","Fast-Food",1
"645","63023A20-","HAAS","Fast-Food",3
"646","63023B21-","SCHONE AUSSICHT WEST","Restaurant",1
"647","63040A00-","KELMIS-ZENTRUM","Restaurant",1
"648","63040B00-","NEU MORESNET-ZENTRUM","Restaurant",1
"649","63061A000","DRIESCH","Fast-Food",1
"650","63067A01-","AACHENSTR.-BAHNHOF-EISENBAHN","Restaurant",1
"651","63076A00-","THEUX-CENTRE","Fast-Food",1
"652","63079A02-","NOTRE DAME DE RECOLLETS","Fast-Food",1
"653","63079A03-","GARES CENTRALE ET OUEST","Restaurant",1
"654","63079E009","ENSIVAL-CENTRE","Fast-Food",1
"655","63086A00-","TROIS-PONTS-CENTRE","Restaurant",1
"656","64034A00-","HANNUT-CENTRE","Fast-Food",1
"657","71004A001","BERINGEN-CENTRUM","Fast-Food",1
"658","71004A032","GEITELING - MOLENVELD","Fast-Food",1
"659","71004A043","KOLMEN","Fast-Food",1
"660","71004A043","KOLMEN","Restaurant",1
"661","71004B00-","PAAL-CENTRUM","Fast-Food",2
"662","71004B210","RIJSSEL","Restaurant",1
"663","71004C001","KOERSEL-DORP","Fast-Food",1
"664","71004C001","KOERSEL-DORP","Restaurant",1
"665","71004C022","SCHRIKHEIDE","Fast-Food",1
"666","71004C20-","BERINGEN-MIJN-TUINWIJK KOERSEL","Fast-Food",3
"667","71004D001","BEVERLO-DORP","Fast-Food",1
"668","71004D20-","BERINGEN-MIJN-TUINWIJK BEVERLO","Fast-Food",3
"669","71011A001","DIEPENBEEK-CENTRUM","Restaurant",1
"670","71016A03-","GENK-CENTRUM - NOORD","Fast-Food",3
"671","71016A300","WINTERSLAG - TUINWIJK I","Fast-Food",2
"672","71016A300","WINTERSLAG - TUINWIJK I","Restaurant",2
"673","71016A42-","WINTERSLAG - TUINWIJK II & IV","Fast-Food",1
"674","71016B1AB","WATERSCHEI-ZUID","Restaurant",1
"675","71016B1BB","WATERSCHEI-NOORD","Fast-Food",2
"676","71016B1BB","WATERSCHEI-NOORD","Restaurant",1
"677","71016B2AA","ZWARTBERG-ZUID","Fast-Food",1
"678","71017A012","GINGELOM-CENTRUM-ZUID","Fast-Food",1
"679","71022A001","HASSELT-CENTRUM-OOST","Fast-Food",3
"680","71022A011","KEMPISCHE POORT","Fast-Food",1
"681","71022A301","RUNKST - SINT-HUBERTUS","Fast-Food",2
"682","71022A412","WILLEMSWIJK","Fast-Food",1
"683","71022A423","VRIJWILLIGERSPLEIN","Fast-Food",1
"684","71022A423","VRIJWILLIGERSPLEIN","Restaurant",1
"685","71022A501","BANNEUXWIJK","Restaurant",1
"686","71022A512","KEMPENHOF","Fast-Food",1
"687","71022A512","KEMPENHOF","Restaurant",1
"688","71022A702","RAPERTINGEN","Fast-Food",1
"689","71022A901","KIEWIT - VIJVERSTRAAT","Fast-Food",1
"690","71022D20-","NEGENBUNDERS","Fast-Food",1
"691","71022E012","KUILBERG","Fast-Food",1
"692","71022F00-","KERMT-CENTRUM","Fast-Food",2
"693","71022G000","SPALBEEK-KERN","Fast-Food",1
"694","71022H000","STEVOORT-CENTRUM","Fast-Food",1
"695","71034A00-","LEOPOLDSBURG-CENTRUM","Fast-Food",2
"696","71034A021","KLEINE ZAVELHEIDE","Fast-Food",1
"697","71037A001","LUMMEN-CENTRUM","Fast-Food",2
"698","71037A001","LUMMEN-CENTRUM","Restaurant",1
"699","71047A00-","OPGLABBEEK-CENTRUM - VINKENKANT - OPHOVEN","Fast-Food",1
"700","71047A200","NIEUWE KEMPEN-KERN","Fast-Food",1
"701","71057A000","TESSENDERLO-CENTRUM","Fast-Food",3
"702","71057A031","STATIONSTRAAT - DIASTERSTRAAT","Fast-Food",1
"703","71057A101","HULST-KERN","Fast-Food",1
"704","71066A001","ZONHOVEN-CENTRUM","Fast-Food",1
"705","71067A001","ZUTENDAAL-CENTRUM","Fast-Food",1
"706","71069A001","OOSTHAM-CENTRUM","Fast-Food",1
"707","71069A001","OOSTHAM-CENTRUM","Restaurant",1
"708","71070A001","HEUSDEN-CENTRUM","Fast-Food",1
"709","71070A010","HEUSDEN CENTRUM - DE HOEVEN","Restaurant",2
"710","71070B001","ZOLDER-CENTRUM","Fast-Food",1
"711","71070B100","BOEKT-KERN","Fast-Food",1
"712","71070B300","VOORT","Fast-Food",1
"713","72003A00-","BOCHOLT-CENTRUM","Fast-Food",2
"714","72003C00-","KAULILLE-KERN","Restaurant",1
"715","72004A011","STADSRAND-WEST (OOST KANT)","Fast-Food",2
"716","72018A022","KINROOI-CENTRUM-NOORD","Fast-Food",1
"717","72018B001","MOLENBEERSEL-CENTRUM","Fast-Food",1
"718","72018C012","KESSENICH - VENLOSE STEENWEG","Restaurant",1
"719","72020A100","LUTLOMMEL-CENTRUM","Fast-Food",2
"720","72020A100","LUTLOMMEL-CENTRUM","Restaurant",1
"721","72020A815","KLINIEK","Fast-Food",1
"722","72021A00-","MAASEIK-CENTRUM","Fast-Food",1
"723","72021B002","MAASEIKERLAAN-NOORD","Fast-Food",1
"724","72025A00-","NEERPELT-CENTRUM","Restaurant",1
"725","72029A000","OVERPELT-CENTRUM","Fast-Food",1
"726","72029A03-","HASPERSHOVEN","Restaurant",2
"727","72029A30-","LINDEL - CENTRUM","Fast-Food",1
"728","72030A00-","PEER-CENTRUM","Fast-Food",1
"729","72030D00-","WIJCHMAAL-CENTRUM","Restaurant",1
"730","72037A032","STAD - UITBREIDING","Fast-Food",1
"731","72038A012","HECHTEL-CENTRUM-NOORDOOST","Restaurant",1
"732","72038A034","HECHTEL-CENTRUM-ZUIDWEST","Restaurant",1
"733","72038B00-","EKSEL-CENTRUM","Fast-Food",2
"734","72039A000","HOUTHALEN-CENTRUM-WEST","Fast-Food",2
"735","72039A02-","HOUTHALEN-CENTRUM-OOST","Fast-Food",1
"736","72039B012","HELCHTEREN-KERN-WEST","Fast-Food",1
"737","72040A00-","MEEUWEN-CENTRUM","Fast-Food",1
"738","72040D00-","GRUITRODE-CENTRUM","Fast-Food",2
"739","72041B001","ROTEM-CENTRUM","Fast-Food",1
"740","72041E020","MULHEIM - RACHELS - NOTEBORN","Fast-Food",1
"741","73001A211","ZWARTE WINNING","Fast-Food",1
"742","73006A011","TABBAART","Fast-Food",1
"743","73006A020","BILZEN - STATION","Fast-Food",1
"744","73006A099","KATTEBERG","Fast-Food",1
"745","73006M012","RIJKHOVEN - BAMMESTRAAT","Restaurant",1
"746","73009A019","STATION","Fast-Food",1
"747","73009A032","ST. ROCHUS","Fast-Food",1
"748","73022A012","DE BILTER","Fast-Food",1
"749","73032A000","HOESELT-CENTRUM","Fast-Food",1
"750","73042A001","LANAKEN-CENTRUM","Fast-Food",1
"751","73042A10-","SMEERMAAS","Fast-Food",1
"752","73042D00-","VELDWEZELT-CENTRUM","Fast-Food",1
"753","73066A000","RIEMST-KERN","Fast-Food",1
"754","73066B00-","HERDEREN-KERN","Fast-Food",2
"755","73066D08-","VAART-NOORD-VERSPR. BEWONING","Fast-Food",1
"756","73083A001","TONGEREN-CENTRUM","Fast-Food",2
"757","73083A401","MOTMOLEN","Fast-Food",1
"758","73098A00-","WELLEN-CENTRUM","Fast-Food",1
"759","73107A001","MECHELEN-AAN-DE-MAAS-CENTRUM","Fast-Food",1
"760","73107A001","MECHELEN-AAN-DE-MAAS-CENTRUM","Restaurant",1
"761","73107D101","PAUWENGRAAF","Restaurant",1
"762","73107D123","DRAAIMORTEL","Restaurant",1
"763","73107D201","TUINWIJK","Restaurant",1
"764","81001A00-","SAINT-DONAT","Fast-Food",2
"765","81001A02-","SAINT-MARTIN","Fast-Food",1
"766","81001A031","ARLON-CENTRE-NORD","Fast-Food",1
"767","81004A033","AUBANGE-NORD-OUEST","Fast-Food",1
"768","81004B00-","ATHUS-CENTRE","Fast-Food",1
"769","82032A00-","VIELSALM-CENTRE","Fast-Food",1
"770","83012E001","BARVAUX-CENTRE","Fast-Food",1
"771","83012E001","BARVAUX-CENTRE","Restaurant",1
"772","83034A04-","NOTRE-DAME","Fast-Food",1
"773","83034C081","AYE - HABITATIONS DISP. -  EST","Fast-Food",1
"774","84009A00-","BERTRIX-CENTRE","Fast-Food",1
"775","84033C10-","TRAIMONT-CENTRE","Fast-Food",1
"776","84043A00-","NEUFCHATEAU-CENTRE","Fast-Food",1
"777","84077A10-","LIBRAMONT CENTRE NORD-CLINIQUE","Fast-Food",1
"778","85011A000","FLORENVILLE-CENTRE","Restaurant",1
"779","85026A00-","MUSSON-CENTRE","Fast-Food",1
"780","85046A000","HABAY-LA-NEUVE-CENTRE","Fast-Food",1
"781","91030A03-","RUE DES STATIONS","Restaurant",1
"782","91034A001","DINANT-CENTRE - RUE GRANDE","Fast-Food",2
"783","91034A042","DINANT-CENTRE - RUE SAXE","Restaurant",1
"784","92094A001","HOTEL DE VILLE","Fast-Food",5
"785","92094A001","HOTEL DE VILLE","Restaurant",3
"786","92094A031","PARC - FACULTES","Fast-Food",1
"787","92094A05-","PORTE DE BRUXELLES","Restaurant",1
"788","92094A401","SALZINNES-CENTRE","Restaurant",1
"789","92094A601","PONT DE LOUVAIN","Fast-Food",1
"790","92094A601","PONT DE LOUVAIN","Restaurant",1
"791","92094A702","QUARTIER SAINT-LOUP","Restaurant",4
"792","92094B00-","JAMBES-CENTRE","Restaurant",1
"793","92094B221","CITE DU SOUVENIR","Fast-Food",1
"794","92137C02-","LE ROTON","Restaurant",1
"795","92140A00-","JEMEPPE-CENTRE","Fast-Food",1
"796","92142A00-","GEMBLOUX-CENTRE","Fast-Food",1
"797","92142A00-","GEMBLOUX-CENTRE","Restaurant",3
"798","92142A021","LEON NAMECHE","Restaurant",2
"799","93056A00-","PHILIPPEVILLE-CENTRE","Restaurant",1
